Palavra;Significado;Raw_Original
aé;ele;aé
aé;ela;aé
amurupi;diferente;amurupi
kãtari;cantar;kãtari
anâma;parente;anâma
anâma;amigo;anâma
anâma;família;anâma
nhunto;somente;nhunto
kaçakiri;atrás;kaçakiri
kaá;floresta;kaá
ára;tempo;ára
ára;dia;ára
amuára;outro dia;amuára
amuára;outra vez;amuára
timbiú;comida;timbiú
tukũ;cesto;tukũ
murari;morar;murari
araué;barata;araué
açui;depois;açui
açui;pois;açui
atimasá;preguiça;atimasá
kutara;rápido;kutara
kutara;ligeiro;kutara
amum;outro;amum
amum;outra;amum
apekatú;longe;apekatú
amũ;irmã;amũ
waçaí;açai;waçaí
apigá;homem;apigá
amana;chuva;amana
yapukuĩ;remar;yapukuĩ
amurupi;diferente;amurupi
yumanasaua;abraço;yumanasaua
tapuyu;indígena;tapuyu
aiurí;ajuntamento;aiurí
aiurí;reunião;aiurí
aiurí;mutirão;aiurí
ané;nunca;ané
yané;nosso;yané
yané;nossa;yané
anhemarâma;último;anhemarâma
anhemarâma;última;anhemarâma
nupá;bater;nupá
yu;espinho;yu
abá;homem;abá
abá;gente;abá
ãmiasí;faminto;ãmiasí
apekatu;longe;apekatu
apekatu;distante;apekatu
apu;satisfeito;apu
araçupé;meio dia;araçupé, arasupé
arasupé;meio dia;araçupé, arasupé
aracú;peixe piau;aracú
aracú;aracú;aracú
kiçé;faca;kiçé
imirá;árvore;imirá
apú;cheio;apú
apú;farto;apú
kĩdara;quintal;kĩdara
yuaka;céu;yuaka
kaá;mato;kaá
kaá;folha;kaá
kaá;planta;kaá
bóiauaçú;cobra grande;bóiauaçú
yururá;tartaruga;yururá
paranã;rio;paranã
pakowã;banana;pakowã
wí;farinha;wí
katuçawa;bondade;katuçawa
taba;aldeia;taba
apukitá;remo;apukitá
pituna;noite;pituna
açu;grande;açu
katú;bom;katú
ikuntu;quietar;ikuntu
ikuntu;tranquilizar;ikuntu
kunhã;mulher;kunhã
cirú;vasilha;cirú
igara;barco;igara
igara;canoa;igara
yutima;plantar;yutima
yutima;enterrar;yutima
anga;alma;anga
darápe;prato;darápe
darápe;louça de mesa;darápe
eré;sim;eré
kirimbawa;forte;kirimbawa
çãã;sentir;çãã
gapenú;onda;gapenú
ipawa;lago;ipawa
çēdú;ouvir;çēdú
awati;milho;awati
mamé;onde;mamé
papera;papel;papera
tuiúka;barro;tuiúka
itá;pedra;itá
açú;grande;açú
darapi;panela de barro;darapi
yawareté;onça;yawareté
iraruka;colméia;iraruka
ipirungaua;começo;ipirungaua
ipirungaua;início;ipirungaua
awatii;arroz;awatii
kuyera imiráwara;colher de pau;kuyera imiráwara
mukaturu;concertar;mukaturu
iwá;fruta;iwá
iwá;fruto;iwá
tupasá;corda;tupasá
tuxáua;cacique;tuxáua
axirura;roupa;axirura
uasému;achar;uasému
uasému;encontrar;uasému
uatá;andar;uatá
uatá;caminhar;uatá
mimí;aí;mimí
mimí;ali;mimí
tamanduá;tamanduá;tamanduá
pisá;rede de pesca;pisá
cuára;buraco;cuára, kuara
kuara;buraco;cuára, kuara
piráçawa;pescaria;piráçawa
pindaíua;vara de pescar;pindaíua
ariré;depois disso;ariré
ariré;mais tarde;ariré
pãnhé;todos;pãnhé
pãnhé;todo;pãnhé
kuriwara;hoje;kuriwara
kuatiá;escrever;kuatiá
kutuká;furar;kutuká
munhã;fazer;munhã
nhe'eng;falar;nhe'eng
kapuamu;ilha;kapuamu
ike;aqui;ike
ixe;eu;ixe
penhe;vocês;penhe
inde;você;inde
yande;nós;yande
iwi;terra;iwi
kunhã-muku;moças;kunhã-muku
ranha;dente;ranha
s-umuara;companheiro;s-umuara
timbiú;comida;timbiú
s-uwaki;proximidade;s-uwaki
mira;pessoa;mira
mira;gente;mira
kupixa;roça;kupixa
u-riku;ter;u-riku
u-riku;tem;u-riku
u-riku;possui;u-riku
iwá;fruta;iwá
yutima;plantar;yutima
iku;estar;iku
puranga;bonita;"puranga; poranga"
poranga;bonita;"puranga; poranga"
yana;correr;yana
iwate;alto;iwate
kuxima;antigamente;kuxima
kuiri;agora;kuiri
wirande;amanhã;wirande
kuema;manhã;kuema
kuese;ontem;kuese
sendu;ouvir;sendu
maã;ver;maã
su;ir;su
puraki;trabalhar;puraki
sika;chegar;sika
kiri;dormir;kiri
paka;acordar;paka
ate;até;ate
kía;sujo;kía
pusé;pesada;pusé
pisaru;nova;pisaru
tempu;tempo;tempu
maye;como;maye
mirá;árvore;mirá
yenū;deitar;yenū
mimi;longe;mimi
aikue;havia;aikue
nheē;dizer;nheē
mame;onde;mame
sasa;passar;sasa
kuaye;assim;kuaye
munuka;cortar;munuka
piré;peixe;piré
pinaitikasara;pescador;pinaitikasara
suri;alegre;suri
yumbue;aprender;yumbue
maã;ver;maã
taina;criança;taina
taina-miri;criancinha;taina-miri
wasu;grande;wasu
yakare;jacaré;yakare
anama;família;anama
ri;vir;ri
uwiara;hoje;uwiara
vivei;viver;vivei
kultura;cultura;kultura
pita;ficar;pita
nunka;nunca;nunka
yupiru;começar;yupiru
ruka;casa;ruka
ukapi;quarto;ukapi
yaxiu;chorar;yaxiu
amana;chuva;amana
akiti;para lá;akiti
senui;chamar;senui
sikári;procurar;sikári
puámu;levantar-se;puámu
puámu;erguer-se;puámu
sukuera;carne;sukuera
taua;cidade;taua
sikári;procurar;sikári
supitá;tronco;supitá
sendu;ouvir;sendu
saã;sentir;saã
mena;marido;mena
rakanga;galho;rakanga
tatá;fogo;tatá
uiramiri;passarinho;uiramiri
uira;pássaro;"uira; wirá"
uira;ave;"uira; wirá"
wirá;pássaro;"uira; wirá"
wirá;ave;"uira; wirá"
uirapuru;pássaro enfeitado;uirapuru
purú;enfeitado;purú
purú;pintado;purú
ukáripe;fora;ukáripe
ruaki;lado;ruaki
munuka;cortar;munuka
seẽ;doce;seẽ
kuere;cansado;kuere
kamundu;caçar;kamundu
ira;mel;ira
iepeaua;lenha;iepeaua
iumasi;faminto;iumasi
ora;hora;ora
iumana;abraçar;iumana
ú;beber;ú
ú;tomar;ú
uatá;andar;uatá
uatá;caminhar;uatá
memui;cozinhar;memui
munhã;fazer;munhã
mundeka;acender;mundeka
mungitá;ler;mungitá
mungaturu;arrumar;mungaturu
mungaturu;consertar;mungaturu
murári;morar;murári
mupuka;quebrar;mupuka
manha;mãe;manha
pisika;pegar;pisika
piruka;descansar;piruka
mitica;plantação;mitica
mirá;madeira;mirá
mukamee;mostrar;mukamee
sapukaia;galinha;sapukaia
sura;esperar;sura
suú;animal;suú
suasu;veado;suasu
uí;farinha;uí
tupasá;corda;tupasá
xipu;cipó;xipu
uiké;entrar;uiké
riré;após;riré
riré;depois de;riré
